epoch,time,train/box_loss,train/cls_loss,train/dfl_loss,metrics/precision(B),metrics/recall(B),metrics/mAP50(B),metrics/mAP50-95(B),val/box_loss,val/cls_loss,val/dfl_loss,lr/pg0,lr/pg1,lr/pg2
1,284.163,1.52661,2.03756,1.35002,0.24053,0.28176,0.17332,0.05988,2.42568,3.48277,2.28826,0.0101431,0.0099841,0.0099841
2,559.837,2.07023,2.46633,1.72581,0.39405,0.39103,0.31639,0.12816,2.03683,2.59166,1.82823,0.00505,0.00505,0.00505
