idade,gênero,imc,filhos,fumante,região,encargos
56,feminino,29.774373714007336,2,sim,sudoeste,31109.889763423336
46,masculino,25.857394655216346,1,não,nordeste,26650.702646642694
32,masculino,23.014839993647488,0,não,sudoeste,21459.03799039332